<?xml version="1.0" encoding="UTF-8"?>
<project-private xmlns="http://www.netbeans.org/ns/project-private/1">
    <editor-bookmarks xmlns="http://www.netbeans.org/ns/editor-bookmarks/2" lastBookmarkId="0"/>
    <open-files xmlns="http://www.netbeans.org/ns/projectui-open-files/2">
        <group>
            <file>file:/C:/Users/ASUS/OneDrive/Escritorio/2022-20/Fantasy%20Soccer/src/Usuarios/usuarios.csv</file>
            <file>file:/C:/Users/ASUS/OneDrive/Escritorio/2022-20/Fantasy%20Soccer/src/Interfaz/Consola_Main.java</file>
            <file>file:/C:/Users/ASUS/OneDrive/Escritorio/2022-20/Fantasy%20Soccer/src/Clases/BarChart_AWT.java</file>
            <file>file:/C:/Users/ASUS/OneDrive/Escritorio/2022-20/Fantasy%20Soccer/src/Interfaz/Admin_Iniciar_Sesion.java</file>
            <file>file:/C:/Users/ASUS/OneDrive/Escritorio/2022-20/Fantasy%20Soccer/src/Interfaz/Jugador_Posicion_Grafica.java</file>
        </group>
    </open-files>
</project-private>
