A,Arquero,20000,60,10,20,30,0,0,40,0,0,0,50,0,0,True,True,True,True,True,True,True,True
B,Arquero,20000,60,0,0,50,0,0,0,10,0,0,12,0,0,True,True,True,True,True,True,True,False
C,Delantero,20000,60,0,0,0,0,0,0,0,0,0,0,0,0,True,True,True,True,True,True,True,True
D,Delantero,20000,60,0,0,0,0,0,0,0,0,0,0,0,0,True,True,True,True,True,True,True,True
E,Delantero,20000,60,0,0,0,0,0,0,0,0,0,0,0,0,True,True,True,True,True,True,True,True
F,Delantero,20000,60,0,0,0,0,0,0,0,0,0,0,0,0,True,True,True,True,True,True,True,True
G,Mediocampista,20000,60,0,0,0,0,0,0,0,0,0,0,0,0,True,True,True,True,True,True,True,True
H,Mediocampista,20000,60,0,0,0,0,0,0,0,0,0,0,0,0,True,True,True,True,True,True,True,True
I,Mediocampista,20000,60,0,0,0,0,0,0,0,0,0,0,0,0,True,True,True,True,True,True,True,True
J,Mediocampista,20000,60,0,0,0,0,0,0,0,0,0,0,0,0,True,True,True,True,True,True,True,True
K,Mediocampista,20000,60,0,0,0,0,0,0,0,0,0,0,0,0,True,True,True,True,True,True,True,True
L,Mediocampista,20000,60,0,0,0,0,0,0,0,0,0,0,0,0,True,True,True,True,True,True,True,True
M,Mediocampista,20000,60,0,0,0,0,0,0,0,0,0,0,0,0,True,True,True,True,True,True,True,True
N,Mediocampista,20000,60,10,10,10,20,10,50,60,10,0,0,0,0,True,True,True,True,True,True,True,True
O,Defensa,20000,60,0,0,0,0,0,0,0,0,0,0,0,0,True,True,True,True,True,True,True,True
P,Defensa,20000,60,0,0,0,0,0,0,0,0,0,0,0,0,True,True,True,True,True,True,True,True
Q,Defensa,20000,60,0,0,0,0,0,0,0,0,0,0,0,0,True,True,True,True,True,True,True,True
R,Defensa,20000,60,0,0,0,0,0,0,0,0,0,0,0,0,True,True,True,True,True,True,True,True
S,Defensa,20000,60,0,0,0,0,0,0,0,0,0,0,0,0,True,True,True,True,True,True,True,True
T,Defensa,20000,60,0,0,0,0,0,0,0,0,0,0,0,0,True,True,True,True,True,True,True,True
U,Defensa,20000,60,0,0,0,0,0,0,0,0,0,0,0,0,True,True,True,True,True,True,True,True
V,Defensa,20000,60,0,0,0,0,0,0,0,0,0,0,0,0,True,True,True,True,True,True,True,True
W,Arquero,20000,60,0,0,0,0,0,0,0,0,0,0,0,0,True,True,True,True,True,True,True,True
X,Defensa,20000,60,0,0,0,0,0,0,0,0,0,0,0,0,True,True,True,True,True,True,True,True
Y,Delantero,20000,60,0,0,0,0,0,0,0,0,0,0,0,0,True,True,True,True,True,True,True,True
Z,Defensa,20000,60,0,0,0,0,0,0,0,0,0,0,0,0,True,True,True,True,True,True,True,True
A1,Defensa,20000,60,0,0,0,0,0,0,0,0,0,0,0,0,True,True,True,True,True,True,True,True
B1,Defensa,20000,60,0,0,0,0,0,0,0,0,0,0,0,0,True,True,True,True,True,True,True,True
C1,Arquero,20000,60,0,0,0,0,0,0,0,0,0,0,0,0,True,True,True,True,True,True,True,True
D1,Mediocampista,20000,60,0,0,0,0,0,0,0,0,0,0,0,0,True,True,True,True,True,True,True,True